"ID";"指示符";"封装";"数量";"名称";"供应商和参考";
1;"U9";"SOT-23-5";1;"TLV62569DBV";;;
2;"R9,R8";"R_0603_1608Metric_Pad0.98x0.95mm_HandSolder";2;"5.1k";;;
3;"R25,R24,R23,R22,R21";"R_0402_1005Metric_Pad0.72x0.64mm_HandSolder";5;"33R";;;
4;"R29,R28";"R_0402_1005Metric_Pad0.72x0.64mm_HandSolder";2;"100R";;;
5;"C30,C7,C11,C3,C29,C31";"C_0402_1005Metric_Pad0.74x0.62mm_HandSolder";6;"100nF";;;
6;"U2,U1";"MSOP-8_3x3mm_P0.65mm";2;"LM4890S";;;
7;"L1";"IND-SMD_L2.5-W2.0";1;"10uH";;;
8;"C36";"C_0603_1608Metric_Pad1.08x0.95mm_HandSolder";1;"10uF";;;
9;"C35";"C_0603_1608Metric_Pad1.08x0.95mm_HandSolder";1;"4.7uF";;;
10;"J9,J5";"PinHeader_1x02_P2.54mm_Vertical";2;"Conn_01x02";;;
11;"U3";"HSOP-8-1EP_3.9x4.9mm_P1.27mm_EP2.41x3.1mm";1;"TP5400";;;
12;"R19,R20,R16";"R_0402_1005Metric_Pad0.72x0.64mm_HandSolder";3;"2K";;;
13;"C14,C4,C13";"C_0402_1005Metric_Pad0.74x0.62mm_HandSolder";3;"10uF";;;
14;"R2,R14";"R_0402_1005Metric_Pad0.72x0.64mm_HandSolder";2;"22K";;;
15;"C2,C5,C6,C1";"C_0603_1608Metric";4;"1uF";;;
16;"R6,R7";"R_0603_1608Metric_Pad0.98x0.95mm_HandSolder";2;"30K";;;
17;"C24,C15,C16";"C_0402_1005Metric_Pad0.74x0.62mm_HandSolder";3;"0.1uF/16V";;;
18;"R35,R34";"R_0603_1608Metric_Pad0.98x0.95mm_HandSolder";2;"10K";;;
19;"R3,R4";"R_0603_1608Metric_Pad0.98x0.95mm_HandSolder";2;"20K";;;
20;"D5";"LED_0805_2012Metric_Pad1.15x1.40mm_HandSolder";1;"GREEN LED";;;
21;"J8";"PinHeader_1x06_P2.54mm_Vertical";1;"CON6X1_2P54";;;
22;"R5";"R_0402_1005Metric_Pad0.72x0.64mm_HandSolder";1;"100k";;;
23;"D4,D3";"D_SMA";2;"SS34";;;
24;"C28,C27";"C_0603_1608Metric";2;"10uF";;;
25;"Q1";"SOT-23_L2.9-W1.3-P1.90-LS2.4-BR";1;"AO3401A";;;
26;"D1";"LED_0805_2012Metric_Pad1.15x1.40mm_HandSolder";1;"Red";;;
27;"C9";"C_0402_1005Metric_Pad0.74x0.62mm_HandSolder";1;"0.1uF";;;
28;"C8,C10";"C_0805_2012Metric";2;"22uF";;;
29;"R12,R10";"R_0603_1608Metric_Pad0.98x0.95mm_HandSolder";2;"100K";;;
30;"J3,J2";"PinSocket_1x02_P2.54mm_Vertical";2;"Conn_01x02";;;
31;"U4";"MSOP-10_3x3mm_P0.5mm";1;"CH340X";;;
32;"R13,R11";"R_0603_1608Metric_Pad0.98x0.95mm_HandSolder";2;"4.7K";;;
33;"U7";"WIFI-SMD_ESP32-WROVER-IE8MB";1;"ESP32-WROVER-E";;;
34;"J7";"PinHeader_1x03_P2.54mm_Vertical";1;"CON3X1_2P54";;;
35;"D2";"LED_0805_2012Metric_Pad1.15x1.40mm_HandSolder";1;"Green";;;
36;"C25,C26";"C_0402_1005Metric_Pad0.74x0.62mm_HandSolder";2;"1uF";;;
37;"J1";"USB_C_Receptacle_HRO_TYPE-C-31-M-12";1;"USB_C_Receptacle_USB2.0";;;
38;"R1";"R_0402_1005Metric_Pad0.72x0.64mm_HandSolder";1;"6.8K";;;
39;"R27,R31,R15,R26";"R_0402_1005Metric_Pad0.72x0.64mm_HandSolder";4;"10K";;;
40;"C33,C20,C18,C34,C32";"C_0603_1608Metric";5;"10uF/16V";;;
41;"C12";"C_0603_1608Metric_Pad1.08x0.95mm_HandSolder";1;"47uF";;;
42;"R33";"R_0603_1608Metric_Pad0.98x0.95mm_HandSolder";1;"11K";;;
43;"SW1,SW3,SW2";"SW_Push_1P1T_XKB_TS-1187A";3;"SW_SPST";;;
44;"U8";"QFN-28-1EP_4x4mm_P0.45mm_EP2.4x2.4mm";1;"ES8388";;;
45;"R17";"R_0402_1005Metric_Pad0.72x0.64mm_HandSolder";1;"1K";;;
46;"L2";"IND-SMD_L2.5-W2.0";1;"2.2uH";;;
47;"R32";"R_0603_1608Metric_Pad0.98x0.95mm_HandSolder";1;"47K";;;
48;"J6";"PinHeader_1x04_P2.54mm_Vertical";1;"CON4X1_2P54";;;
49;"C19";"C_0603_1608Metric_Pad1.08x0.95mm_HandSolder";1;"0.1uF/50V(NC)";;;
50;"U5";"SOT-23-5";1;"XC6220B331MR";;;
51;"C22";"C_0603_1608Metric_Pad1.08x0.95mm_HandSolder";1;"1uF/16V";;;
